lazicy;milanello;Milan;Lazić;2;0655445690;lazicy@gmail.com;20/5/2018;-;-;-;-;-;true;
proba;proba;Probo;Probic;0;021462324;proba@sbb.rs;01/02/1998;3;-;-;-;0;true;
vula;dobri;Vukašin;Jović;0;01231345676;vula@gmail.com;7/6/2018;-;2,1,3;-;-;0;true;
miladinovski;Lazic123;Miladin;Lazic;1;2345;lazicy@gmail.com;28/5/2018;-;-;2,3;-;-;true;
filipo;car;FIlip;Rastović;0;023546;filipo@gmail.com;9/6/2018;4;2,3;-;-;0;true;
predragns;djape5010;Predrago;Jovanovic;0;0634569082;predragns@gmail.com;28/5/2018;-;2,5,4;-;-;5;true;
kovca;plonker;Damir;Kovčić;1;0213431232;sumskicovek@potok.ba;6/6/2018;-;-;3,1,4;-;-;true;
